"","Date","Year","Month","Day","JulDay","Site","Species","Flower","uid"
"1","7/12/13",2013,7,12,192,1,"ERPE",0,"1 ERPE 7/12/13"
"2","7/18/13",2013,7,18,198,1,"ERPE",0,"1 ERPE 7/18/13"
"5","7/19/13",2013,7,19,199,1,"ERPE",0,"1 ERPE 7/19/13"
"6","7/20/13",2013,7,20,200,1,"ERPE",0,"1 ERPE 7/20/13"
"7","7/21/13",2013,7,21,201,1,"ERPE",0,"1 ERPE 7/21/13"
"10","7/23/13",2013,7,23,203,1,"ERPE",0,"1 ERPE 7/23/13"
"12","7/24/13",2013,7,24,204,1,"ERPE",1,"1 ERPE 7/24/13"
"14","7/25/13",2013,7,25,205,1,"ERPE",1,"1 ERPE 7/25/13"
"15","7/26/13",2013,7,26,206,1,"ERPE",0,"1 ERPE 7/26/13"
"16","7/27/13",2013,7,27,207,1,"ERPE",1,"1 ERPE 7/27/13"
"18","7/30/13",2013,7,30,210,1,"ERPE",1,"1 ERPE 7/30/13"
"19","8/1/13",2013,8,1,212,1,"ERPE",1,"1 ERPE 8/1/13"
"21","8/2/13",2013,8,2,213,1,"ERPE",1,"1 ERPE 8/2/13"
"24","8/3/13",2013,8,3,214,1,"ERPE",1,"1 ERPE 8/3/13"
"26","8/4/13",2013,8,4,215,1,"ERPE",1,"1 ERPE 8/4/13"
"27","8/5/13",2013,8,5,216,1,"ERPE",1,"1 ERPE 8/5/13"
"28","8/6/13",2013,8,6,217,1,"ERPE",1,"1 ERPE 8/6/13"
"30","8/7/13",2013,8,7,218,1,"ERPE",1,"1 ERPE 8/7/13"
"32","8/8/13",2013,8,8,219,1,"ERPE",1,"1 ERPE 8/8/13"
"34","8/9/13",2013,8,9,220,1,"ERPE",1,"1 ERPE 8/9/13"
"36","8/10/13",2013,8,10,221,1,"ERPE",1,"1 ERPE 8/10/13"
"37","8/11/13",2013,8,11,222,1,"ERPE",0,"1 ERPE 8/11/13"
"38","8/12/13",2013,8,12,223,1,"ERPE",1,"1 ERPE 8/12/13"
"40","8/13/13",2013,8,13,224,1,"ERPE",1,"1 ERPE 8/13/13"
"43","8/14/13",2013,8,14,225,1,"ERPE",1,"1 ERPE 8/14/13"
"47","8/16/13",2013,8,16,227,1,"ERPE",0,"1 ERPE 8/16/13"
"48","8/19/13",2013,8,19,230,1,"ERPE",1,"1 ERPE 8/19/13"
"49","8/20/13",2013,8,20,231,1,"ERPE",0,"1 ERPE 8/20/13"
"51","8/21/13",2013,8,21,232,1,"ERPE",0,"1 ERPE 8/21/13"
"53","8/22/13",2013,8,22,233,1,"ERPE",0,"1 ERPE 8/22/13"
"55","8/23/13",2013,8,23,234,1,"ERPE",0,"1 ERPE 8/23/13"
"56","8/24/13",2013,8,24,235,1,"ERPE",0,"1 ERPE 8/24/13"
"57","8/25/13",2013,8,25,236,1,"ERPE",0,"1 ERPE 8/25/13"
"59","8/26/13",2013,8,26,237,1,"ERPE",0,"1 ERPE 8/26/13"
"60","8/28/13",2013,8,28,239,1,"ERPE",0,"1 ERPE 8/28/13"
"61","8/29/13",2013,8,29,240,1,"ERPE",0,"1 ERPE 8/29/13"
"62","8/30/13",2013,8,30,241,1,"ERPE",0,"1 ERPE 8/30/13"
"64","9/3/13",2013,9,3,245,1,"ERPE",0,"1 ERPE 9/3/13"
"65","9/4/13",2013,9,4,246,1,"ERPE",0,"1 ERPE 9/4/13"
"66","9/7/13",2013,9,7,249,1,"ERPE",0,"1 ERPE 9/7/13"
"68","9/8/13",2013,9,8,250,1,"ERPE",0,"1 ERPE 9/8/13"
"70","9/9/13",2013,9,9,251,1,"ERPE",0,"1 ERPE 9/9/13"
"72","9/10/13",2013,9,10,252,1,"ERPE",0,"1 ERPE 9/10/13"
"73","9/11/13",2013,9,11,253,1,"ERPE",0,"1 ERPE 9/11/13"
"74","9/12/13",2013,9,12,254,1,"ERPE",0,"1 ERPE 9/12/13"
"76","9/13/13",2013,9,13,255,1,"ERPE",0,"1 ERPE 9/13/13"
"77","9/14/13",2013,9,14,256,1,"ERPE",0,"1 ERPE 9/14/13"
"79","9/16/13",2013,9,16,258,1,"ERPE",0,"1 ERPE 9/16/13"
"80","9/17/13",2013,9,17,259,1,"ERPE",0,"1 ERPE 9/17/13"
"81","9/18/13",2013,9,18,260,1,"ERPE",0,"1 ERPE 9/18/13"
"82","9/19/13",2013,9,19,261,1,"ERPE",0,"1 ERPE 9/19/13"
"84","9/20/13",2013,9,20,262,1,"ERPE",0,"1 ERPE 9/20/13"
"85","9/21/13",2013,9,21,263,1,"ERPE",0,"1 ERPE 9/21/13"
"86","9/23/13",2013,9,23,265,1,"ERPE",0,"1 ERPE 9/23/13"
"87","9/27/13",2013,9,27,269,1,"ERPE",0,"1 ERPE 9/27/13"
"88","7/1/14",2014,7,1,181,1,"ERPE",0,"1 ERPE 7/1/14"
"89","7/2/14",2014,7,2,182,1,"ERPE",0,"1 ERPE 7/2/14"
"90","7/3/14",2014,7,3,183,1,"ERPE",0,"1 ERPE 7/3/14"
"91","7/6/14",2014,7,6,186,1,"ERPE",0,"1 ERPE 7/6/14"
"93","7/7/14",2014,7,7,187,1,"ERPE",0,"1 ERPE 7/7/14"
"95","7/8/14",2014,7,8,188,1,"ERPE",0,"1 ERPE 7/8/14"
"96","7/9/14",2014,7,9,189,1,"ERPE",0,"1 ERPE 7/9/14"
"97","7/10/14",2014,7,10,190,1,"ERPE",0,"1 ERPE 7/10/14"
"101","7/11/14",2014,7,11,191,1,"ERPE",0,"1 ERPE 7/11/14"
"102","7/12/14",2014,7,12,192,1,"ERPE",0,"1 ERPE 7/12/14"
"104","7/13/14",2014,7,13,193,1,"ERPE",0,"1 ERPE 7/13/14"
"105","7/14/14",2014,7,14,194,1,"ERPE",0,"1 ERPE 7/14/14"
"106","7/15/14",2014,7,15,195,1,"ERPE",0,"1 ERPE 7/15/14"
"108","7/16/14",2014,7,16,196,1,"ERPE",0,"1 ERPE 7/16/14"
"110","7/17/14",2014,7,17,197,1,"ERPE",0,"1 ERPE 7/17/14"
"113","7/18/14",2014,7,18,198,1,"ERPE",0,"1 ERPE 7/18/14"
"116","7/19/14",2014,7,19,199,1,"ERPE",0,"1 ERPE 7/19/14"
"117","7/21/14",2014,7,21,201,1,"ERPE",0,"1 ERPE 7/21/14"
"119","7/22/14",2014,7,22,202,1,"ERPE",0,"1 ERPE 7/22/14"
"121","7/25/14",2014,7,25,205,1,"ERPE",0,"1 ERPE 7/25/14"
"122","7/26/14",2014,7,26,206,1,"ERPE",0,"1 ERPE 7/26/14"
"123","7/27/14",2014,7,27,207,1,"ERPE",1,"1 ERPE 7/27/14"
"124","7/29/14",2014,7,29,209,1,"ERPE",1,"1 ERPE 7/29/14"
"126","7/31/14",2014,7,31,211,1,"ERPE",1,"1 ERPE 7/31/14"
"127","8/1/14",2014,8,1,212,1,"ERPE",1,"1 ERPE 8/1/14"
"129","8/2/14",2014,8,2,213,1,"ERPE",1,"1 ERPE 8/2/14"
"132","8/3/14",2014,8,3,214,1,"ERPE",1,"1 ERPE 8/3/14"
"133","8/4/14",2014,8,4,215,1,"ERPE",1,"1 ERPE 8/4/14"
"134","8/6/14",2014,8,6,217,1,"ERPE",1,"1 ERPE 8/6/14"
"137","8/8/14",2014,8,8,219,1,"ERPE",1,"1 ERPE 8/8/14"
"141","8/9/14",2014,8,9,220,1,"ERPE",1,"1 ERPE 8/9/14"
"144","8/10/14",2014,8,10,221,1,"ERPE",1,"1 ERPE 8/10/14"
"145","8/11/14",2014,8,11,222,1,"ERPE",1,"1 ERPE 8/11/14"
"147","8/12/14",2014,8,12,223,1,"ERPE",1,"1 ERPE 8/12/14"
"148","8/13/14",2014,8,13,224,1,"ERPE",1,"1 ERPE 8/13/14"
"149","8/14/14",2014,8,14,225,1,"ERPE",0,"1 ERPE 8/14/14"
"151","8/15/14",2014,8,15,226,1,"ERPE",0,"1 ERPE 8/15/14"
"152","8/16/14",2014,8,16,227,1,"ERPE",0,"1 ERPE 8/16/14"
"153","8/17/14",2014,8,17,228,1,"ERPE",0,"1 ERPE 8/17/14"
"154","8/18/14",2014,8,18,229,1,"ERPE",0,"1 ERPE 8/18/14"
"155","8/19/14",2014,8,19,230,1,"ERPE",0,"1 ERPE 8/19/14"
"156","8/20/14",2014,8,20,231,1,"ERPE",0,"1 ERPE 8/20/14"
"158","8/21/14",2014,8,21,232,1,"ERPE",0,"1 ERPE 8/21/14"
"160","8/24/14",2014,8,24,235,1,"ERPE",0,"1 ERPE 8/24/14"
"162","8/25/14",2014,8,25,236,1,"ERPE",0,"1 ERPE 8/25/14"
"164","8/26/14",2014,8,26,237,1,"ERPE",0,"1 ERPE 8/26/14"
"165","8/27/14",2014,8,27,238,1,"ERPE",0,"1 ERPE 8/27/14"
"166","8/28/14",2014,8,28,239,1,"ERPE",0,"1 ERPE 8/28/14"
"167","8/29/14",2014,8,29,240,1,"ERPE",0,"1 ERPE 8/29/14"
"168","8/30/14",2014,8,30,241,1,"ERPE",0,"1 ERPE 8/30/14"
"170","8/31/14",2014,8,31,242,1,"ERPE",0,"1 ERPE 8/31/14"
"171","9/2/14",2014,9,2,244,1,"ERPE",0,"1 ERPE 9/2/14"
"173","9/3/14",2014,9,3,245,1,"ERPE",0,"1 ERPE 9/3/14"
"175","9/4/14",2014,9,4,246,1,"ERPE",0,"1 ERPE 9/4/14"
"176","9/5/14",2014,9,5,247,1,"ERPE",0,"1 ERPE 9/5/14"
"177","9/6/14",2014,9,6,248,1,"ERPE",0,"1 ERPE 9/6/14"
"178","9/8/14",2014,9,8,250,1,"ERPE",0,"1 ERPE 9/8/14"
"179","9/9/14",2014,9,9,251,1,"ERPE",0,"1 ERPE 9/9/14"
"180","9/10/14",2014,9,10,252,1,"ERPE",0,"1 ERPE 9/10/14"
"182","9/11/14",2014,9,11,253,1,"ERPE",0,"1 ERPE 9/11/14"
"184","9/12/14",2014,9,12,254,1,"ERPE",0,"1 ERPE 9/12/14"
"186","9/15/14",2014,9,15,257,1,"ERPE",0,"1 ERPE 9/15/14"
"187","9/16/14",2014,9,16,258,1,"ERPE",0,"1 ERPE 9/16/14"
"188","9/17/14",2014,9,17,259,1,"ERPE",0,"1 ERPE 9/17/14"
"189","9/18/14",2014,9,18,260,1,"ERPE",0,"1 ERPE 9/18/14"
"191","9/19/14",2014,9,19,261,1,"ERPE",0,"1 ERPE 9/19/14"
"192","9/22/14",2014,9,22,264,1,"ERPE",0,"1 ERPE 9/22/14"
"193","9/25/14",2014,9,25,267,1,"ERPE",0,"1 ERPE 9/25/14"
"194","9/27/14",2014,9,27,269,1,"ERPE",0,"1 ERPE 9/27/14"
"196","9/28/14",2014,9,28,270,1,"ERPE",0,"1 ERPE 9/28/14"
"199","5/29/15",2015,5,29,179,1,"ERPE",0,"1 ERPE 5/29/15"
"200","6/9/15",2015,6,9,189,1,"ERPE",0,"1 ERPE 6/9/15"
"201","6/13/15",2015,6,13,193,1,"ERPE",1,"1 ERPE 6/13/15"
"202","6/14/15",2015,6,14,194,1,"ERPE",1,"1 ERPE 6/14/15"
"203","6/15/15",2015,6,15,195,1,"ERPE",1,"1 ERPE 6/15/15"
"204","6/18/15",2015,6,18,198,1,"ERPE",1,"1 ERPE 6/18/15"
"205","6/19/15",2015,6,19,199,1,"ERPE",1,"1 ERPE 6/19/15"
"206","6/20/15",2015,6,20,200,1,"ERPE",1,"1 ERPE 6/20/15"
"207","6/21/15",2015,6,21,201,1,"ERPE",1,"1 ERPE 6/21/15"
"208","6/22/15",2015,6,22,202,1,"ERPE",1,"1 ERPE 6/22/15"
"209","6/23/15",2015,6,23,203,1,"ERPE",1,"1 ERPE 6/23/15"
"210","6/24/15",2015,6,24,204,1,"ERPE",1,"1 ERPE 6/24/15"
"212","6/27/15",2015,6,27,207,1,"ERPE",1,"1 ERPE 6/27/15"
"215","6/29/15",2015,6,29,209,1,"ERPE",1,"1 ERPE 6/29/15"
"216","6/30/15",2015,6,30,210,1,"ERPE",1,"1 ERPE 6/30/15"
"218","7/1/15",2015,7,1,211,1,"ERPE",1,"1 ERPE 7/1/15"
"219","7/2/15",2015,7,2,212,1,"ERPE",1,"1 ERPE 7/2/15"
"220","7/4/15",2015,7,4,214,1,"ERPE",1,"1 ERPE 7/4/15"
"222","7/6/15",2015,7,6,216,1,"ERPE",1,"1 ERPE 7/6/15"
"225","7/7/15",2015,7,7,217,1,"ERPE",0,"1 ERPE 7/7/15"
"228","7/8/15",2015,7,8,218,1,"ERPE",0,"1 ERPE 7/8/15"
"230","7/9/15",2015,7,9,219,1,"ERPE",0,"1 ERPE 7/9/15"
"233","7/10/15",2015,7,10,220,1,"ERPE",0,"1 ERPE 7/10/15"
"234","7/11/15",2015,7,11,221,1,"ERPE",0,"1 ERPE 7/11/15"
"236","7/12/15",2015,7,12,222,1,"ERPE",0,"1 ERPE 7/12/15"
"237","7/13/15",2015,7,13,223,1,"ERPE",0,"1 ERPE 7/13/15"
"238","7/14/15",2015,7,14,224,1,"ERPE",0,"1 ERPE 7/14/15"
"239","7/15/15",2015,7,15,225,1,"ERPE",0,"1 ERPE 7/15/15"
"242","7/16/15",2015,7,16,226,1,"ERPE",0,"1 ERPE 7/16/15"
"244","7/17/15",2015,7,17,227,1,"ERPE",0,"1 ERPE 7/17/15"
"246","7/19/15",2015,7,19,229,1,"ERPE",0,"1 ERPE 7/19/15"
"247","7/20/15",2015,7,20,230,1,"ERPE",0,"1 ERPE 7/20/15"
"249","7/22/15",2015,7,22,232,1,"ERPE",0,"1 ERPE 7/22/15"
"250","7/23/15",2015,7,23,233,1,"ERPE",0,"1 ERPE 7/23/15"
"252","7/25/15",2015,7,25,235,1,"ERPE",0,"1 ERPE 7/25/15"
"254","7/27/15",2015,7,27,237,1,"ERPE",0,"1 ERPE 7/27/15"
"255","7/28/15",2015,7,28,238,1,"ERPE",0,"1 ERPE 7/28/15"
"256","7/30/15",2015,7,30,240,1,"ERPE",0,"1 ERPE 7/30/15"
"258","7/31/15",2015,7,31,241,1,"ERPE",0,"1 ERPE 7/31/15"
"260","8/1/15",2015,8,1,241,1,"ERPE",0,"1 ERPE 8/1/15"
"262","8/2/15",2015,8,2,242,1,"ERPE",0,"1 ERPE 8/2/15"
"263","8/3/15",2015,8,3,243,1,"ERPE",0,"1 ERPE 8/3/15"
"264","8/4/15",2015,8,4,244,1,"ERPE",0,"1 ERPE 8/4/15"
"266","8/6/15",2015,8,6,246,1,"ERPE",0,"1 ERPE 8/6/15"
"269","8/7/15",2015,8,7,247,1,"ERPE",0,"1 ERPE 8/7/15"
"270","8/8/15",2015,8,8,248,1,"ERPE",0,"1 ERPE 8/8/15"
"272","8/10/15",2015,8,10,250,1,"ERPE",0,"1 ERPE 8/10/15"
"273","8/12/15",2015,8,12,252,1,"ERPE",0,"1 ERPE 8/12/15"
"274","8/13/15",2015,8,13,253,1,"ERPE",0,"1 ERPE 8/13/15"
"275","8/14/15",2015,8,14,254,1,"ERPE",0,"1 ERPE 8/14/15"
"276","8/15/15",2015,8,15,255,1,"ERPE",0,"1 ERPE 8/15/15"
"278","8/16/15",2015,8,16,256,1,"ERPE",0,"1 ERPE 8/16/15"
"279","8/18/15",2015,8,18,258,1,"ERPE",0,"1 ERPE 8/18/15"
"280","8/19/15",2015,8,19,259,1,"ERPE",0,"1 ERPE 8/19/15"
"282","8/21/15",2015,8,21,261,1,"ERPE",0,"1 ERPE 8/21/15"
"284","8/22/15",2015,8,22,262,1,"ERPE",0,"1 ERPE 8/22/15"
"285","8/26/15",2015,8,26,266,1,"ERPE",0,"1 ERPE 8/26/15"
"287","8/31/15",2015,8,31,271,1,"ERPE",0,"1 ERPE 8/31/15"
"289","9/5/15",2015,9,5,275,1,"ERPE",0,"1 ERPE 9/5/15"
"290","9/9/15",2015,9,9,279,1,"ERPE",0,"1 ERPE 9/9/15"
"291","9/14/15",2015,9,14,284,1,"ERPE",0,"1 ERPE 9/14/15"
"292","9/19/15",2015,9,19,289,1,"ERPE",0,"1 ERPE 9/19/15"
"293","9/24/15",2015,9,4,274,1,"ERPE",0,"1 ERPE 9/24/15"
"294","9/27/15",2015,9,27,297,1,"ERPE",0,"1 ERPE 9/27/15"
"296","7/12/13",2013,7,12,192,1,"LIGR",0,"1 LIGR 7/12/13"
"297","7/18/13",2013,7,18,198,1,"LIGR",0,"1 LIGR 7/18/13"
"300","7/19/13",2013,7,19,199,1,"LIGR",0,"1 LIGR 7/19/13"
"301","7/20/13",2013,7,20,200,1,"LIGR",0,"1 LIGR 7/20/13"
"302","7/21/13",2013,7,21,201,1,"LIGR",0,"1 LIGR 7/21/13"
"305","7/23/13",2013,7,23,203,1,"LIGR",0,"1 LIGR 7/23/13"
"307","7/24/13",2013,7,24,204,1,"LIGR",0,"1 LIGR 7/24/13"
"309","7/25/13",2013,7,25,205,1,"LIGR",0,"1 LIGR 7/25/13"
"310","7/26/13",2013,7,26,206,1,"LIGR",0,"1 LIGR 7/26/13"
"311","7/27/13",2013,7,27,207,1,"LIGR",0,"1 LIGR 7/27/13"
"313","7/30/13",2013,7,30,210,1,"LIGR",0,"1 LIGR 7/30/13"
"314","8/1/13",2013,8,1,212,1,"LIGR",0,"1 LIGR 8/1/13"
"316","8/2/13",2013,8,2,213,1,"LIGR",1,"1 LIGR 8/2/13"
"319","8/3/13",2013,8,3,214,1,"LIGR",0,"1 LIGR 8/3/13"
"321","8/4/13",2013,8,4,215,1,"LIGR",0,"1 LIGR 8/4/13"
"323","8/5/13",2013,8,5,216,1,"LIGR",1,"1 LIGR 8/5/13"
"324","8/6/13",2013,8,6,217,1,"LIGR",1,"1 LIGR 8/6/13"
"326","8/7/13",2013,8,7,218,1,"LIGR",1,"1 LIGR 8/7/13"
"328","8/8/13",2013,8,8,219,1,"LIGR",1,"1 LIGR 8/8/13"
"330","8/9/13",2013,8,9,220,1,"LIGR",1,"1 LIGR 8/9/13"
"332","8/10/13",2013,8,10,221,1,"LIGR",1,"1 LIGR 8/10/13"
"333","8/11/13",2013,8,11,222,1,"LIGR",1,"1 LIGR 8/11/13"
"334","8/12/13",2013,8,12,223,1,"LIGR",1,"1 LIGR 8/12/13"
"336","8/13/13",2013,8,13,224,1,"LIGR",1,"1 LIGR 8/13/13"
"339","8/14/13",2013,8,14,225,1,"LIGR",1,"1 LIGR 8/14/13"
"343","8/16/13",2013,8,16,227,1,"LIGR",1,"1 LIGR 8/16/13"
"344","8/19/13",2013,8,19,230,1,"LIGR",1,"1 LIGR 8/19/13"
"345","8/20/13",2013,8,20,231,1,"LIGR",1,"1 LIGR 8/20/13"
"347","8/21/13",2013,8,21,232,1,"LIGR",1,"1 LIGR 8/21/13"
"349","8/22/13",2013,8,22,233,1,"LIGR",1,"1 LIGR 8/22/13"
"351","8/23/13",2013,8,23,234,1,"LIGR",0,"1 LIGR 8/23/13"
"352","8/24/13",2013,8,24,235,1,"LIGR",1,"1 LIGR 8/24/13"
"353","8/25/13",2013,8,25,236,1,"LIGR",1,"1 LIGR 8/25/13"
"355","8/26/13",2013,8,26,237,1,"LIGR",0,"1 LIGR 8/26/13"
"356","8/28/13",2013,8,28,239,1,"LIGR",0,"1 LIGR 8/28/13"
"357","8/29/13",2013,8,29,240,1,"LIGR",1,"1 LIGR 8/29/13"
"358","8/30/13",2013,8,30,241,1,"LIGR",1,"1 LIGR 8/30/13"
"360","9/3/13",2013,9,3,245,1,"LIGR",0,"1 LIGR 9/3/13"
"361","9/4/13",2013,9,4,246,1,"LIGR",0,"1 LIGR 9/4/13"
"362","9/7/13",2013,9,7,249,1,"LIGR",0,"1 LIGR 9/7/13"
"364","9/8/13",2013,9,8,250,1,"LIGR",1,"1 LIGR 9/8/13"
"366","9/9/13",2013,9,9,251,1,"LIGR",0,"1 LIGR 9/9/13"
"368","9/10/13",2013,9,10,252,1,"LIGR",0,"1 LIGR 9/10/13"
"369","9/11/13",2013,9,11,253,1,"LIGR",0,"1 LIGR 9/11/13"
"370","9/12/13",2013,9,12,254,1,"LIGR",0,"1 LIGR 9/12/13"
"372","9/13/13",2013,9,13,255,1,"LIGR",0,"1 LIGR 9/13/13"
"373","9/14/13",2013,9,14,256,1,"LIGR",0,"1 LIGR 9/14/13"
"375","9/16/13",2013,9,16,258,1,"LIGR",0,"1 LIGR 9/16/13"
"376","9/17/13",2013,9,17,259,1,"LIGR",0,"1 LIGR 9/17/13"
"377","9/18/13",2013,9,18,260,1,"LIGR",0,"1 LIGR 9/18/13"
"378","9/19/13",2013,9,19,261,1,"LIGR",0,"1 LIGR 9/19/13"
"380","9/20/13",2013,9,20,262,1,"LIGR",0,"1 LIGR 9/20/13"
"381","9/21/13",2013,9,21,263,1,"LIGR",0,"1 LIGR 9/21/13"
"382","9/23/13",2013,9,23,265,1,"LIGR",0,"1 LIGR 9/23/13"
"383","9/27/13",2013,9,27,269,1,"LIGR",0,"1 LIGR 9/27/13"
"384","7/1/14",2014,7,1,181,1,"LIGR",0,"1 LIGR 7/1/14"
"385","7/2/14",2014,7,2,182,1,"LIGR",0,"1 LIGR 7/2/14"
"386","7/3/14",2014,7,3,183,1,"LIGR",0,"1 LIGR 7/3/14"
"387","7/6/14",2014,7,6,186,1,"LIGR",0,"1 LIGR 7/6/14"
"389","7/7/14",2014,7,7,187,1,"LIGR",0,"1 LIGR 7/7/14"
"391","7/8/14",2014,7,8,188,1,"LIGR",0,"1 LIGR 7/8/14"
"392","7/9/14",2014,7,9,189,1,"LIGR",0,"1 LIGR 7/9/14"
"393","7/10/14",2014,7,10,190,1,"LIGR",0,"1 LIGR 7/10/14"
"397","7/11/14",2014,7,11,191,1,"LIGR",0,"1 LIGR 7/11/14"
"398","7/12/14",2014,7,12,192,1,"LIGR",0,"1 LIGR 7/12/14"
"400","7/13/14",2014,7,13,193,1,"LIGR",0,"1 LIGR 7/13/14"
"401","7/14/14",2014,7,14,194,1,"LIGR",0,"1 LIGR 7/14/14"
"402","7/15/14",2014,7,15,195,1,"LIGR",0,"1 LIGR 7/15/14"
"404","7/16/14",2014,7,16,196,1,"LIGR",0,"1 LIGR 7/16/14"
"406","7/17/14",2014,7,17,197,1,"LIGR",0,"1 LIGR 7/17/14"
"409","7/18/14",2014,7,18,198,1,"LIGR",0,"1 LIGR 7/18/14"
"412","7/19/14",2014,7,19,199,1,"LIGR",0,"1 LIGR 7/19/14"
"413","7/21/14",2014,7,21,201,1,"LIGR",0,"1 LIGR 7/21/14"
"415","7/22/14",2014,7,22,202,1,"LIGR",0,"1 LIGR 7/22/14"
"417","7/25/14",2014,7,25,205,1,"LIGR",0,"1 LIGR 7/25/14"
"418","7/26/14",2014,7,26,206,1,"LIGR",0,"1 LIGR 7/26/14"
"419","7/27/14",2014,7,27,207,1,"LIGR",0,"1 LIGR 7/27/14"
"420","7/29/14",2014,7,29,209,1,"LIGR",0,"1 LIGR 7/29/14"
"422","7/31/14",2014,7,31,211,1,"LIGR",0,"1 LIGR 7/31/14"
"423","8/1/14",2014,8,1,212,1,"LIGR",0,"1 LIGR 8/1/14"
"425","8/2/14",2014,8,2,213,1,"LIGR",0,"1 LIGR 8/2/14"
"428","8/3/14",2014,8,3,214,1,"LIGR",0,"1 LIGR 8/3/14"
"429","8/4/14",2014,8,4,215,1,"LIGR",0,"1 LIGR 8/4/14"
"430","8/6/14",2014,8,6,217,1,"LIGR",0,"1 LIGR 8/6/14"
"433","8/8/14",2014,8,8,219,1,"LIGR",0,"1 LIGR 8/8/14"
"437","8/9/14",2014,8,9,220,1,"LIGR",0,"1 LIGR 8/9/14"
"440","8/10/14",2014,8,10,221,1,"LIGR",0,"1 LIGR 8/10/14"
"441","8/11/14",2014,8,11,222,1,"LIGR",0,"1 LIGR 8/11/14"
"443","8/12/14",2014,8,12,223,1,"LIGR",0,"1 LIGR 8/12/14"
"444","8/13/14",2014,8,13,224,1,"LIGR",0,"1 LIGR 8/13/14"
"445","8/14/14",2014,8,14,225,1,"LIGR",0,"1 LIGR 8/14/14"
"447","8/15/14",2014,8,15,226,1,"LIGR",0,"1 LIGR 8/15/14"
"448","8/16/14",2014,8,16,227,1,"LIGR",0,"1 LIGR 8/16/14"
"449","8/17/14",2014,8,17,228,1,"LIGR",0,"1 LIGR 8/17/14"
"450","8/18/14",2014,8,18,229,1,"LIGR",0,"1 LIGR 8/18/14"
"451","8/19/14",2014,8,19,230,1,"LIGR",0,"1 LIGR 8/19/14"
"452","8/20/14",2014,8,20,231,1,"LIGR",0,"1 LIGR 8/20/14"
"454","8/21/14",2014,8,21,232,1,"LIGR",0,"1 LIGR 8/21/14"
"456","8/24/14",2014,8,24,235,1,"LIGR",0,"1 LIGR 8/24/14"
"458","8/25/14",2014,8,25,236,1,"LIGR",0,"1 LIGR 8/25/14"
"460","8/26/14",2014,8,26,237,1,"LIGR",0,"1 LIGR 8/26/14"
"461","8/27/14",2014,8,27,238,1,"LIGR",0,"1 LIGR 8/27/14"
"462","8/28/14",2014,8,28,239,1,"LIGR",0,"1 LIGR 8/28/14"
"463","8/29/14",2014,8,29,240,1,"LIGR",0,"1 LIGR 8/29/14"
"464","8/30/14",2014,8,30,241,1,"LIGR",0,"1 LIGR 8/30/14"
"466","8/31/14",2014,8,31,242,1,"LIGR",0,"1 LIGR 8/31/14"
"467","9/2/14",2014,9,2,244,1,"LIGR",0,"1 LIGR 9/2/14"
"469","9/3/14",2014,9,3,245,1,"LIGR",0,"1 LIGR 9/3/14"
"471","9/4/14",2014,9,4,246,1,"LIGR",0,"1 LIGR 9/4/14"
"472","9/5/14",2014,9,5,247,1,"LIGR",0,"1 LIGR 9/5/14"
"473","9/6/14",2014,9,6,248,1,"LIGR",0,"1 LIGR 9/6/14"
"474","9/8/14",2014,9,8,250,1,"LIGR",0,"1 LIGR 9/8/14"
"475","9/9/14",2014,9,9,251,1,"LIGR",0,"1 LIGR 9/9/14"
"476","9/10/14",2014,9,10,252,1,"LIGR",0,"1 LIGR 9/10/14"
"478","9/11/14",2014,9,11,253,1,"LIGR",0,"1 LIGR 9/11/14"
"480","9/12/14",2014,9,12,254,1,"LIGR",0,"1 LIGR 9/12/14"
"482","9/15/14",2014,9,15,257,1,"LIGR",0,"1 LIGR 9/15/14"
"483","9/16/14",2014,9,16,258,1,"LIGR",0,"1 LIGR 9/16/14"
"484","9/17/14",2014,9,17,259,1,"LIGR",0,"1 LIGR 9/17/14"
"485","9/18/14",2014,9,18,260,1,"LIGR",0,"1 LIGR 9/18/14"
"487","9/19/14",2014,9,19,261,1,"LIGR",0,"1 LIGR 9/19/14"
"488","9/22/14",2014,9,22,264,1,"LIGR",0,"1 LIGR 9/22/14"
"489","9/25/14",2014,9,25,267,1,"LIGR",0,"1 LIGR 9/25/14"
"490","9/27/14",2014,9,27,269,1,"LIGR",0,"1 LIGR 9/27/14"
"492","9/28/14",2014,9,28,270,1,"LIGR",0,"1 LIGR 9/28/14"
"495","5/29/15",2015,5,29,179,1,"LIGR",0,"1 LIGR 5/29/15"
"496","6/9/15",2015,6,9,189,1,"LIGR",0,"1 LIGR 6/9/15"
"497","6/13/15",2015,6,13,193,1,"LIGR",0,"1 LIGR 6/13/15"
"498","6/14/15",2015,6,14,194,1,"LIGR",0,"1 LIGR 6/14/15"
"499","6/15/15",2015,6,15,195,1,"LIGR",0,"1 LIGR 6/15/15"
"500","6/18/15",2015,6,18,198,1,"LIGR",0,"1 LIGR 6/18/15"
"501","6/19/15",2015,6,19,199,1,"LIGR",0,"1 LIGR 6/19/15"
"502","6/20/15",2015,6,20,200,1,"LIGR",0,"1 LIGR 6/20/15"
"503","6/21/15",2015,6,21,201,1,"LIGR",0,"1 LIGR 6/21/15"
"504","6/22/15",2015,6,22,202,1,"LIGR",0,"1 LIGR 6/22/15"
"505","6/23/15",2015,6,23,203,1,"LIGR",0,"1 LIGR 6/23/15"
"506","6/24/15",2015,6,24,204,1,"LIGR",0,"1 LIGR 6/24/15"
"508","6/27/15",2015,6,27,207,1,"LIGR",0,"1 LIGR 6/27/15"
"511","6/29/15",2015,6,29,209,1,"LIGR",0,"1 LIGR 6/29/15"
"512","6/30/15",2015,6,30,210,1,"LIGR",0,"1 LIGR 6/30/15"
"514","7/1/15",2015,7,1,211,1,"LIGR",0,"1 LIGR 7/1/15"
"515","7/2/15",2015,7,2,212,1,"LIGR",0,"1 LIGR 7/2/15"
"516","7/4/15",2015,7,4,214,1,"LIGR",0,"1 LIGR 7/4/15"
"518","7/6/15",2015,6,7,187,1,"LIGR",0,"1 LIGR 7/6/15"
"521","7/7/15",2015,7,7,217,1,"LIGR",0,"1 LIGR 7/7/15"
"524","7/8/15",2015,7,8,218,1,"LIGR",0,"1 LIGR 7/8/15"
"526","7/9/15",2015,7,9,219,1,"LIGR",0,"1 LIGR 7/9/15"
"529","7/10/15",2015,7,10,220,1,"LIGR",0,"1 LIGR 7/10/15"
"530","7/11/15",2015,7,11,221,1,"LIGR",0,"1 LIGR 7/11/15"
"532","7/12/15",2015,7,12,222,1,"LIGR",0,"1 LIGR 7/12/15"
"533","7/13/15",2015,7,13,223,1,"LIGR",0,"1 LIGR 7/13/15"
"534","7/14/15",2015,7,14,224,1,"LIGR",0,"1 LIGR 7/14/15"
"535","7/15/15",2015,7,15,225,1,"LIGR",0,"1 LIGR 7/15/15"
"538","7/16/15",2015,7,16,226,1,"LIGR",0,"1 LIGR 7/16/15"
"540","7/17/15",2015,7,17,227,1,"LIGR",0,"1 LIGR 7/17/15"
"542","7/19/15",2015,7,19,229,1,"LIGR",0,"1 LIGR 7/19/15"
"543","7/20/15",2015,7,20,230,1,"LIGR",0,"1 LIGR 7/20/15"
"545","7/22/15",2015,7,22,232,1,"LIGR",0,"1 LIGR 7/22/15"
"546","7/23/15",2015,7,23,233,1,"LIGR",0,"1 LIGR 7/23/15"
"548","7/25/15",2015,7,25,235,1,"LIGR",0,"1 LIGR 7/25/15"
"550","7/27/15",2015,7,27,237,1,"LIGR",0,"1 LIGR 7/27/15"
"551","7/28/15",2015,7,28,238,1,"LIGR",0,"1 LIGR 7/28/15"
"552","7/30/15",2015,7,30,240,1,"LIGR",0,"1 LIGR 7/30/15"
"554","7/31/15",2015,7,31,241,1,"LIGR",0,"1 LIGR 7/31/15"
"556","8/1/15",2015,8,1,241,1,"LIGR",0,"1 LIGR 8/1/15"
"558","8/2/15",2015,8,2,242,1,"LIGR",0,"1 LIGR 8/2/15"
"559","8/3/15",2015,8,3,243,1,"LIGR",0,"1 LIGR 8/3/15"
"560","8/4/15",2015,8,4,244,1,"LIGR",0,"1 LIGR 8/4/15"
"561","8/6/15",2015,8,6,246,1,"LIGR",0,"1 LIGR 8/6/15"
"564","8/7/15",2015,8,7,247,1,"LIGR",0,"1 LIGR 8/7/15"
"565","8/8/15",2015,8,8,248,1,"LIGR",0,"1 LIGR 8/8/15"
"567","8/10/15",2015,8,10,250,1,"LIGR",0,"1 LIGR 8/10/15"
"568","8/12/15",2015,8,12,252,1,"LIGR",0,"1 LIGR 8/12/15"
"569","8/13/15",2015,8,13,253,1,"LIGR",0,"1 LIGR 8/13/15"
"570","8/14/15",2015,8,14,254,1,"LIGR",0,"1 LIGR 8/14/15"
"571","8/15/15",2015,8,15,255,1,"LIGR",0,"1 LIGR 8/15/15"
"573","8/16/15",2015,8,16,256,1,"LIGR",0,"1 LIGR 8/16/15"
"574","8/18/15",2015,8,18,258,1,"LIGR",0,"1 LIGR 8/18/15"
"575","8/19/15",2015,8,19,259,1,"LIGR",0,"1 LIGR 8/19/15"
"577","8/21/15",2015,8,21,261,1,"LIGR",0,"1 LIGR 8/21/15"
"579","8/22/15",2015,8,22,262,1,"LIGR",0,"1 LIGR 8/22/15"
"580","8/26/15",2015,8,26,266,1,"LIGR",0,"1 LIGR 8/26/15"
"582","8/31/15",2015,8,31,271,1,"LIGR",0,"1 LIGR 8/31/15"
"584","9/5/15",2015,9,5,275,1,"LIGR",0,"1 LIGR 9/5/15"
"585","9/9/15",2015,9,9,279,1,"LIGR",0,"1 LIGR 9/9/15"
"586","9/14/15",2015,9,14,284,1,"LIGR",0,"1 LIGR 9/14/15"
"587","9/19/15",2015,9,19,289,1,"LIGR",0,"1 LIGR 9/19/15"
"588","9/24/15",2015,9,4,274,1,"LIGR",0,"1 LIGR 9/24/15"
"589","9/27/15",2015,9,27,297,1,"LIGR",0,"1 LIGR 9/27/15"
"591","7/12/13",2013,7,12,192,1,"LUAR",0,"1 LUAR 7/12/13"
"592","7/18/13",2013,7,18,198,1,"LUAR",0,"1 LUAR 7/18/13"
"595","7/19/13",2013,7,19,199,1,"LUAR",0,"1 LUAR 7/19/13"
"596","7/20/13",2013,7,20,200,1,"LUAR",0,"1 LUAR 7/20/13"
"597","7/21/13",2013,7,21,201,1,"LUAR",1,"1 LUAR 7/21/13"
"600","7/23/13",2013,7,23,203,1,"LUAR",1,"1 LUAR 7/23/13"
"602","7/24/13",2013,7,24,204,1,"LUAR",1,"1 LUAR 7/24/13"
"604","7/25/13",2013,7,25,205,1,"LUAR",1,"1 LUAR 7/25/13"
"605","7/26/13",2013,7,26,206,1,"LUAR",1,"1 LUAR 7/26/13"
"606","7/27/13",2013,7,27,207,1,"LUAR",1,"1 LUAR 7/27/13"
"608","7/30/13",2013,7,30,210,1,"LUAR",1,"1 LUAR 7/30/13"
"609","8/1/13",2013,8,1,212,1,"LUAR",1,"1 LUAR 8/1/13"
"611","8/2/13",2013,8,2,213,1,"LUAR",1,"1 LUAR 8/2/13"
"614","8/3/13",2013,8,3,214,1,"LUAR",1,"1 LUAR 8/3/13"
"616","8/4/13",2013,8,4,215,1,"LUAR",1,"1 LUAR 8/4/13"
"618","8/5/13",2013,8,5,216,1,"LUAR",1,"1 LUAR 8/5/13"
"619","8/6/13",2013,8,6,217,1,"LUAR",1,"1 LUAR 8/6/13"
"621","8/7/13",2013,8,7,218,1,"LUAR",1,"1 LUAR 8/7/13"
"623","8/8/13",2013,8,8,219,1,"LUAR",0,"1 LUAR 8/8/13"
"625","8/9/13",2013,8,9,220,1,"LUAR",0,"1 LUAR 8/9/13"
"627","8/10/13",2013,8,10,221,1,"LUAR",0,"1 LUAR 8/10/13"
"628","8/11/13",2013,8,11,222,1,"LUAR",0,"1 LUAR 8/11/13"
"629","8/12/13",2013,8,12,223,1,"LUAR",0,"1 LUAR 8/12/13"
"631","8/13/13",2013,8,13,224,1,"LUAR",0,"1 LUAR 8/13/13"
"634","8/14/13",2013,8,14,225,1,"LUAR",0,"1 LUAR 8/14/13"
"638","8/16/13",2013,8,16,227,1,"LUAR",0,"1 LUAR 8/16/13"
"639","8/19/13",2013,8,19,230,1,"LUAR",0,"1 LUAR 8/19/13"
"640","8/20/13",2013,8,20,231,1,"LUAR",0,"1 LUAR 8/20/13"
"642","8/21/13",2013,8,21,232,1,"LUAR",0,"1 LUAR 8/21/13"
"644","8/22/13",2013,8,22,233,1,"LUAR",0,"1 LUAR 8/22/13"
"646","8/23/13",2013,8,23,234,1,"LUAR",0,"1 LUAR 8/23/13"
"647","8/24/13",2013,8,24,235,1,"LUAR",0,"1 LUAR 8/24/13"
"648","8/25/13",2013,8,25,236,1,"LUAR",0,"1 LUAR 8/25/13"
"650","8/26/13",2013,8,26,237,1,"LUAR",0,"1 LUAR 8/26/13"
"651","8/28/13",2013,8,28,239,1,"LUAR",0,"1 LUAR 8/28/13"
"652","8/29/13",2013,8,29,240,1,"LUAR",0,"1 LUAR 8/29/13"
"653","8/30/13",2013,8,30,241,1,"LUAR",0,"1 LUAR 8/30/13"
"655","9/3/13",2013,9,3,245,1,"LUAR",0,"1 LUAR 9/3/13"
"656","9/4/13",2013,9,4,246,1,"LUAR",0,"1 LUAR 9/4/13"
"657","9/7/13",2013,9,7,249,1,"LUAR",0,"1 LUAR 9/7/13"
"659","9/8/13",2013,9,8,250,1,"LUAR",0,"1 LUAR 9/8/13"
"661","9/9/13",2013,9,9,251,1,"LUAR",0,"1 LUAR 9/9/13"
"663","9/10/13",2013,9,10,252,1,"LUAR",0,"1 LUAR 9/10/13"
"664","9/11/13",2013,9,11,253,1,"LUAR",0,"1 LUAR 9/11/13"
"665","9/12/13",2013,9,12,254,1,"LUAR",0,"1 LUAR 9/12/13"
"667","9/13/13",2013,9,13,255,1,"LUAR",0,"1 LUAR 9/13/13"
"668","9/14/13",2013,9,14,256,1,"LUAR",0,"1 LUAR 9/14/13"
"670","9/16/13",2013,9,16,258,1,"LUAR",0,"1 LUAR 9/16/13"
"671","9/17/13",2013,9,17,259,1,"LUAR",0,"1 LUAR 9/17/13"
"672","9/18/13",2013,9,18,260,1,"LUAR",0,"1 LUAR 9/18/13"
"673","9/19/13",2013,9,19,261,1,"LUAR",0,"1 LUAR 9/19/13"
"675","9/20/13",2013,9,20,262,1,"LUAR",0,"1 LUAR 9/20/13"
"676","9/21/13",2013,9,21,263,1,"LUAR",0,"1 LUAR 9/21/13"
"677","9/23/13",2013,9,23,265,1,"LUAR",0,"1 LUAR 9/23/13"
"678","9/27/13",2013,9,27,269,1,"LUAR",0,"1 LUAR 9/27/13"
"679","7/1/14",2014,7,1,181,1,"LUAR",0,"1 LUAR 7/1/14"
"680","7/2/14",2014,7,2,182,1,"LUAR",0,"1 LUAR 7/2/14"
"681","7/3/14",2014,7,3,183,1,"LUAR",0,"1 LUAR 7/3/14"
"682","7/6/14",2014,7,6,186,1,"LUAR",0,"1 LUAR 7/6/14"
"684","7/7/14",2014,7,7,187,1,"LUAR",0,"1 LUAR 7/7/14"
"686","7/8/14",2014,7,8,188,1,"LUAR",0,"1 LUAR 7/8/14"
"687","7/9/14",2014,7,9,189,1,"LUAR",0,"1 LUAR 7/9/14"
"688","7/10/14",2014,7,10,190,1,"LUAR",0,"1 LUAR 7/10/14"
"692","7/11/14",2014,7,11,191,1,"LUAR",0,"1 LUAR 7/11/14"
"693","7/12/14",2014,7,12,192,1,"LUAR",0,"1 LUAR 7/12/14"
"695","7/13/14",2014,7,13,193,1,"LUAR",0,"1 LUAR 7/13/14"
"696","7/14/14",2014,7,14,194,1,"LUAR",0,"1 LUAR 7/14/14"
"697","7/15/14",2014,7,15,195,1,"LUAR",0,"1 LUAR 7/15/14"
"699","7/16/14",2014,7,16,196,1,"LUAR",0,"1 LUAR 7/16/14"
"701","7/17/14",2014,7,17,197,1,"LUAR",0,"1 LUAR 7/17/14"
"704","7/18/14",2014,7,18,198,1,"LUAR",0,"1 LUAR 7/18/14"
"707","7/19/14",2014,7,19,199,1,"LUAR",1,"1 LUAR 7/19/14"
"708","7/21/14",2014,7,21,201,1,"LUAR",0,"1 LUAR 7/21/14"
"710","7/22/14",2014,7,22,202,1,"LUAR",1,"1 LUAR 7/22/14"
"712","7/25/14",2014,7,25,205,1,"LUAR",1,"1 LUAR 7/25/14"
"713","7/26/14",2014,7,26,206,1,"LUAR",1,"1 LUAR 7/26/14"
"714","7/27/14",2014,7,27,207,1,"LUAR",1,"1 LUAR 7/27/14"
"715","7/29/14",2014,7,29,209,1,"LUAR",1,"1 LUAR 7/29/14"
"717","7/31/14",2014,7,31,211,1,"LUAR",1,"1 LUAR 7/31/14"
"718","8/1/14",2014,8,1,212,1,"LUAR",1,"1 LUAR 8/1/14"
"720","8/2/14",2014,8,2,213,1,"LUAR",1,"1 LUAR 8/2/14"
"723","8/3/14",2014,8,3,214,1,"LUAR",1,"1 LUAR 8/3/14"
"724","8/4/14",2014,8,4,215,1,"LUAR",1,"1 LUAR 8/4/14"
"725","8/6/14",2014,8,6,217,1,"LUAR",1,"1 LUAR 8/6/14"
"728","8/8/14",2014,8,8,219,1,"LUAR",0,"1 LUAR 8/8/14"
"732","8/9/14",2014,8,9,220,1,"LUAR",1,"1 LUAR 8/9/14"
"735","8/10/14",2014,8,10,221,1,"LUAR",0,"1 LUAR 8/10/14"
"736","8/11/14",2014,8,11,222,1,"LUAR",1,"1 LUAR 8/11/14"
"738","8/12/14",2014,8,12,223,1,"LUAR",0,"1 LUAR 8/12/14"
"739","8/13/14",2014,8,13,224,1,"LUAR",0,"1 LUAR 8/13/14"
"740","8/14/14",2014,8,14,225,1,"LUAR",0,"1 LUAR 8/14/14"
"742","8/15/14",2014,8,15,226,1,"LUAR",0,"1 LUAR 8/15/14"
"743","8/16/14",2014,8,16,227,1,"LUAR",0,"1 LUAR 8/16/14"
"744","8/17/14",2014,8,17,228,1,"LUAR",0,"1 LUAR 8/17/14"
"745","8/18/14",2014,8,18,229,1,"LUAR",0,"1 LUAR 8/18/14"
"746","8/19/14",2014,8,19,230,1,"LUAR",1,"1 LUAR 8/19/14"
"747","8/20/14",2014,8,20,231,1,"LUAR",0,"1 LUAR 8/20/14"
"749","8/21/14",2014,8,21,232,1,"LUAR",0,"1 LUAR 8/21/14"
"751","8/24/14",2014,8,24,235,1,"LUAR",0,"1 LUAR 8/24/14"
"753","8/25/14",2014,8,25,236,1,"LUAR",0,"1 LUAR 8/25/14"
"755","8/26/14",2014,8,26,237,1,"LUAR",0,"1 LUAR 8/26/14"
"756","8/27/14",2014,8,27,238,1,"LUAR",0,"1 LUAR 8/27/14"
"757","8/28/14",2014,8,28,239,1,"LUAR",0,"1 LUAR 8/28/14"
"758","8/29/14",2014,8,29,240,1,"LUAR",0,"1 LUAR 8/29/14"
"759","8/30/14",2014,8,30,241,1,"LUAR",0,"1 LUAR 8/30/14"
"761","8/31/14",2014,8,31,242,1,"LUAR",0,"1 LUAR 8/31/14"
"762","9/2/14",2014,9,2,244,1,"LUAR",0,"1 LUAR 9/2/14"
"764","9/3/14",2014,9,3,245,1,"LUAR",0,"1 LUAR 9/3/14"
"766","9/4/14",2014,9,4,246,1,"LUAR",0,"1 LUAR 9/4/14"
"767","9/5/14",2014,9,5,247,1,"LUAR",0,"1 LUAR 9/5/14"
"768","9/6/14",2014,9,6,248,1,"LUAR",0,"1 LUAR 9/6/14"
"769","9/8/14",2014,9,8,250,1,"LUAR",0,"1 LUAR 9/8/14"
"770","9/9/14",2014,9,9,251,1,"LUAR",0,"1 LUAR 9/9/14"
"771","9/10/14",2014,9,10,252,1,"LUAR",0,"1 LUAR 9/10/14"
"773","9/11/14",2014,9,11,253,1,"LUAR",0,"1 LUAR 9/11/14"
"775","9/12/14",2014,9,12,254,1,"LUAR",0,"1 LUAR 9/12/14"
"777","9/15/14",2014,9,15,257,1,"LUAR",0,"1 LUAR 9/15/14"
"778","9/16/14",2014,9,16,258,1,"LUAR",0,"1 LUAR 9/16/14"
"779","9/17/14",2014,9,17,259,1,"LUAR",0,"1 LUAR 9/17/14"
"780","9/18/14",2014,9,18,260,1,"LUAR",0,"1 LUAR 9/18/14"
"782","9/19/14",2014,9,19,261,1,"LUAR",0,"1 LUAR 9/19/14"
"783","9/22/14",2014,9,22,264,1,"LUAR",0,"1 LUAR 9/22/14"
"784","9/25/14",2014,9,25,267,1,"LUAR",0,"1 LUAR 9/25/14"
"785","9/27/14",2014,9,27,269,1,"LUAR",0,"1 LUAR 9/27/14"
"787","9/28/14",2014,9,28,270,1,"LUAR",0,"1 LUAR 9/28/14"
"790","5/29/15",2015,5,29,179,1,"LUAR",0,"1 LUAR 5/29/15"
"791","6/9/15",2015,6,9,189,1,"LUAR",0,"1 LUAR 6/9/15"
"792","6/13/15",2015,6,13,193,1,"LUAR",1,"1 LUAR 6/13/15"
"793","6/14/15",2015,6,14,194,1,"LUAR",1,"1 LUAR 6/14/15"
"794","6/15/15",2015,6,15,195,1,"LUAR",1,"1 LUAR 6/15/15"
"795","6/18/15",2015,6,18,198,1,"LUAR",1,"1 LUAR 6/18/15"
"796","6/19/15",2015,6,19,199,1,"LUAR",1,"1 LUAR 6/19/15"
"797","6/20/15",2015,6,20,200,1,"LUAR",1,"1 LUAR 6/20/15"
"798","6/21/15",2015,6,21,201,1,"LUAR",1,"1 LUAR 6/21/15"
"799","6/22/15",2015,6,22,202,1,"LUAR",1,"1 LUAR 6/22/15"
"800","6/23/15",2015,6,23,203,1,"LUAR",1,"1 LUAR 6/23/15"
"801","6/24/15",2015,6,24,204,1,"LUAR",1,"1 LUAR 6/24/15"
"803","6/27/15",2015,6,27,207,1,"LUAR",1,"1 LUAR 6/27/15"
"806","6/29/15",2015,6,29,209,1,"LUAR",0,"1 LUAR 6/29/15"
"807","6/30/15",2015,6,30,210,1,"LUAR",0,"1 LUAR 6/30/15"
"809","7/1/15",2015,7,1,211,1,"LUAR",0,"1 LUAR 7/1/15"
"810","7/2/15",2015,7,2,212,1,"LUAR",0,"1 LUAR 7/2/15"
"811","7/4/15",2015,7,4,214,1,"LUAR",0,"1 LUAR 7/4/15"
"813","7/6/15",2015,7,6,216,1,"LUAR",0,"1 LUAR 7/6/15"
"816","7/7/15",2015,7,7,217,1,"LUAR",0,"1 LUAR 7/7/15"
"819","7/8/15",2015,7,8,218,1,"LUAR",0,"1 LUAR 7/8/15"
"821","7/9/15",2015,7,9,219,1,"LUAR",0,"1 LUAR 7/9/15"
"824","7/10/15",2015,7,10,220,1,"LUAR",0,"1 LUAR 7/10/15"
"825","7/11/15",2015,7,11,221,1,"LUAR",0,"1 LUAR 7/11/15"
"827","7/12/15",2015,7,12,222,1,"LUAR",0,"1 LUAR 7/12/15"
"828","7/13/15",2015,7,13,223,1,"LUAR",0,"1 LUAR 7/13/15"
"829","7/14/15",2015,7,14,224,1,"LUAR",0,"1 LUAR 7/14/15"
"830","7/15/15",2015,7,15,225,1,"LUAR",0,"1 LUAR 7/15/15"
"833","7/16/15",2015,7,16,226,1,"LUAR",0,"1 LUAR 7/16/15"
"835","7/17/15",2015,7,17,227,1,"LUAR",0,"1 LUAR 7/17/15"
"837","7/19/15",2015,7,19,229,1,"LUAR",0,"1 LUAR 7/19/15"
"838","7/20/15",2015,7,20,230,1,"LUAR",0,"1 LUAR 7/20/15"
"840","7/22/15",2015,7,22,232,1,"LUAR",0,"1 LUAR 7/22/15"
"841","7/23/15",2015,7,23,233,1,"LUAR",0,"1 LUAR 7/23/15"
"843","7/25/15",2015,7,25,235,1,"LUAR",0,"1 LUAR 7/25/15"
"845","7/27/15",2015,7,27,237,1,"LUAR",0,"1 LUAR 7/27/15"
"846","7/28/15",2015,7,28,238,1,"LUAR",0,"1 LUAR 7/28/15"
"847","7/30/15",2015,7,30,240,1,"LUAR",0,"1 LUAR 7/30/15"
"849","7/31/15",2015,7,23,233,1,"LUAR",0,"1 LUAR 7/31/15"
"851","8/1/15",2015,8,1,241,1,"LUAR",0,"1 LUAR 8/1/15"
"853","8/2/15",2015,8,2,242,1,"LUAR",0,"1 LUAR 8/2/15"
"854","8/3/15",2015,8,3,243,1,"LUAR",0,"1 LUAR 8/3/15"
"855","8/4/15",2015,8,4,244,1,"LUAR",0,"1 LUAR 8/4/15"
"857","8/6/15",2015,8,6,246,1,"LUAR",0,"1 LUAR 8/6/15"
"860","8/7/15",2015,8,7,247,1,"LUAR",0,"1 LUAR 8/7/15"
"861","8/8/15",2015,8,8,248,1,"LUAR",0,"1 LUAR 8/8/15"
"863","8/10/15",2015,8,10,250,1,"LUAR",0,"1 LUAR 8/10/15"
"864","8/12/15",2015,8,12,252,1,"LUAR",0,"1 LUAR 8/12/15"
"866","8/13/15",2015,8,13,253,1,"LUAR",0,"1 LUAR 8/13/15"
"867","8/14/15",2015,8,14,254,1,"LUAR",0,"1 LUAR 8/14/15"
"868","8/15/15",2015,8,15,255,1,"LUAR",0,"1 LUAR 8/15/15"
"870","8/16/15",2015,8,16,256,1,"LUAR",0,"1 LUAR 8/16/15"
"871","8/18/15",2015,8,18,258,1,"LUAR",0,"1 LUAR 8/18/15"
"872","8/19/15",2015,8,19,259,1,"LUAR",0,"1 LUAR 8/19/15"
"874","8/21/15",2015,8,21,261,1,"LUAR",0,"1 LUAR 8/21/15"
"876","8/22/15",2015,8,22,262,1,"LUAR",0,"1 LUAR 8/22/15"
"877","8/26/15",2015,8,26,266,1,"LUAR",0,"1 LUAR 8/26/15"
"879","8/31/15",2015,8,31,271,1,"LUAR",0,"1 LUAR 8/31/15"
"881","9/5/15",2015,9,5,275,1,"LUAR",0,"1 LUAR 9/5/15"
"882","9/9/15",2015,9,9,279,1,"LUAR",0,"1 LUAR 9/9/15"
"883","9/14/15",2015,9,14,284,1,"LUAR",0,"1 LUAR 9/14/15"
"884","9/19/15",2015,9,19,289,1,"LUAR",0,"1 LUAR 9/19/15"
"885","9/24/15",2015,9,4,274,1,"LUAR",0,"1 LUAR 9/24/15"
"886","9/27/15",2015,9,27,297,1,"LUAR",0,"1 LUAR 9/27/15"
"888","7/12/13",2013,7,12,192,1,"MIAL",0,"1 MIAL 7/12/13"
"889","7/18/13",2013,7,18,198,1,"MIAL",0,"1 MIAL 7/18/13"
"892","7/19/13",2013,7,19,199,1,"MIAL",0,"1 MIAL 7/19/13"
"893","7/20/13",2013,7,20,200,1,"MIAL",0,"1 MIAL 7/20/13"
"894","7/21/13",2013,7,21,201,1,"MIAL",0,"1 MIAL 7/21/13"
"897","7/23/13",2013,7,23,203,1,"MIAL",0,"1 MIAL 7/23/13"
"899","7/24/13",2013,7,24,204,1,"MIAL",0,"1 MIAL 7/24/13"
"901","7/25/13",2013,7,25,205,1,"MIAL",0,"1 MIAL 7/25/13"
"902","7/26/13",2013,7,26,206,1,"MIAL",0,"1 MIAL 7/26/13"
"903","7/27/13",2013,7,27,207,1,"MIAL",0,"1 MIAL 7/27/13"
"905","7/30/13",2013,7,30,210,1,"MIAL",0,"1 MIAL 7/30/13"
"906","8/1/13",2013,8,1,212,1,"MIAL",0,"1 MIAL 8/1/13"
"908","8/2/13",2013,8,2,213,1,"MIAL",0,"1 MIAL 8/2/13"
"911","8/3/13",2013,8,3,214,1,"MIAL",0,"1 MIAL 8/3/13"
"913","8/4/13",2013,8,4,215,1,"MIAL",0,"1 MIAL 8/4/13"
"915","8/5/13",2013,8,5,216,1,"MIAL",0,"1 MIAL 8/5/13"
"916","8/6/13",2013,8,6,217,1,"MIAL",0,"1 MIAL 8/6/13"
"918","8/7/13",2013,8,7,218,1,"MIAL",0,"1 MIAL 8/7/13"
"920","8/8/13",2013,8,8,219,1,"MIAL",0,"1 MIAL 8/8/13"
"922","8/9/13",2013,8,9,220,1,"MIAL",0,"1 MIAL 8/9/13"
"924","8/10/13",2013,8,10,221,1,"MIAL",0,"1 MIAL 8/10/13"
"925","8/11/13",2013,8,11,222,1,"MIAL",0,"1 MIAL 8/11/13"
"926","8/12/13",2013,8,12,223,1,"MIAL",0,"1 MIAL 8/12/13"
"928","8/13/13",2013,8,13,224,1,"MIAL",0,"1 MIAL 8/13/13"
"931","8/14/13",2013,8,14,225,1,"MIAL",0,"1 MIAL 8/14/13"
"934","8/16/13",2013,8,16,227,1,"MIAL",0,"1 MIAL 8/16/13"
"935","8/19/13",2013,8,19,230,1,"MIAL",0,"1 MIAL 8/19/13"
"936","8/20/13",2013,8,20,231,1,"MIAL",0,"1 MIAL 8/20/13"
"938","8/21/13",2013,8,21,232,1,"MIAL",0,"1 MIAL 8/21/13"
"940","8/22/13",2013,8,22,233,1,"MIAL",0,"1 MIAL 8/22/13"
"942","8/23/13",2013,8,23,234,1,"MIAL",0,"1 MIAL 8/23/13"
"943","8/24/13",2013,8,24,235,1,"MIAL",0,"1 MIAL 8/24/13"
"944","8/25/13",2013,8,25,236,1,"MIAL",0,"1 MIAL 8/25/13"
"946","8/26/13",2013,8,26,237,1,"MIAL",0,"1 MIAL 8/26/13"
"947","8/28/13",2013,8,28,239,1,"MIAL",0,"1 MIAL 8/28/13"
"948","8/29/13",2013,8,29,240,1,"MIAL",0,"1 MIAL 8/29/13"
"949","8/30/13",2013,8,30,241,1,"MIAL",0,"1 MIAL 8/30/13"
"951","9/3/13",2013,9,3,245,1,"MIAL",0,"1 MIAL 9/3/13"
"952","9/4/13",2013,9,4,246,1,"MIAL",0,"1 MIAL 9/4/13"
"953","9/7/13",2013,9,7,249,1,"MIAL",0,"1 MIAL 9/7/13"
"955","9/8/13",2013,9,8,250,1,"MIAL",0,"1 MIAL 9/8/13"
"957","9/9/13",2013,9,9,251,1,"MIAL",0,"1 MIAL 9/9/13"
"959","9/10/13",2013,9,10,252,1,"MIAL",0,"1 MIAL 9/10/13"
"960","9/11/13",2013,9,11,253,1,"MIAL",0,"1 MIAL 9/11/13"
"961","9/12/13",2013,9,12,254,1,"MIAL",0,"1 MIAL 9/12/13"
"963","9/13/13",2013,9,13,255,1,"MIAL",0,"1 MIAL 9/13/13"
"964","9/14/13",2013,9,14,256,1,"MIAL",0,"1 MIAL 9/14/13"
"966","9/16/13",2013,9,16,258,1,"MIAL",0,"1 MIAL 9/16/13"
"967","9/17/13",2013,9,17,259,1,"MIAL",0,"1 MIAL 9/17/13"
"968","9/18/13",2013,9,18,260,1,"MIAL",0,"1 MIAL 9/18/13"
"969","9/19/13",2013,9,19,261,1,"MIAL",0,"1 MIAL 9/19/13"
"971","9/20/13",2013,9,20,262,1,"MIAL",0,"1 MIAL 9/20/13"
"972","9/21/13",2013,9,21,263,1,"MIAL",0,"1 MIAL 9/21/13"
"973","9/23/13",2013,9,23,265,1,"MIAL",0,"1 MIAL 9/23/13"
"974","9/27/13",2013,9,27,269,1,"MIAL",0,"1 MIAL 9/27/13"
"975","7/1/14",2014,7,1,181,1,"MIAL",0,"1 MIAL 7/1/14"
"976","7/2/14",2014,7,2,182,1,"MIAL",0,"1 MIAL 7/2/14"
"977","7/3/14",2014,7,3,183,1,"MIAL",0,"1 MIAL 7/3/14"
"978","7/6/14",2014,7,6,186,1,"MIAL",0,"1 MIAL 7/6/14"
"980","7/7/14",2014,7,7,187,1,"MIAL",0,"1 MIAL 7/7/14"
"982","7/8/14",2014,7,8,188,1,"MIAL",0,"1 MIAL 7/8/14"
"983","7/9/14",2014,7,9,189,1,"MIAL",0,"1 MIAL 7/9/14"
"984","7/10/14",2014,7,10,190,1,"MIAL",0,"1 MIAL 7/10/14"
"988","7/11/14",2014,7,11,191,1,"MIAL",0,"1 MIAL 7/11/14"
"989","7/12/14",2014,7,12,192,1,"MIAL",0,"1 MIAL 7/12/14"
"991","7/13/14",2014,7,13,193,1,"MIAL",0,"1 MIAL 7/13/14"
"992","7/14/14",2014,7,14,194,1,"MIAL",0,"1 MIAL 7/14/14"
"993","7/15/14",2014,7,15,195,1,"MIAL",0,"1 MIAL 7/15/14"
"995","7/16/14",2014,7,16,196,1,"MIAL",0,"1 MIAL 7/16/14"
"997","7/17/14",2014,7,17,197,1,"MIAL",0,"1 MIAL 7/17/14"
"1000","7/18/14",2014,7,18,198,1,"MIAL",0,"1 MIAL 7/18/14"
"1003","7/19/14",2014,7,19,199,1,"MIAL",0,"1 MIAL 7/19/14"
"1004","7/21/14",2014,7,21,201,1,"MIAL",0,"1 MIAL 7/21/14"
"1006","7/22/14",2014,7,22,202,1,"MIAL",0,"1 MIAL 7/22/14"
"1008","7/25/14",2014,7,25,205,1,"MIAL",0,"1 MIAL 7/25/14"
"1009","7/26/14",2014,7,26,206,1,"MIAL",0,"1 MIAL 7/26/14"
"1010","7/27/14",2014,7,27,207,1,"MIAL",0,"1 MIAL 7/27/14"
"1011","7/29/14",2014,7,29,209,1,"MIAL",0,"1 MIAL 7/29/14"
"1013","7/31/14",2014,7,31,211,1,"MIAL",0,"1 MIAL 7/31/14"
"1014","8/1/14",2014,8,1,212,1,"MIAL",0,"1 MIAL 8/1/14"
"1016","8/2/14",2014,8,2,213,1,"MIAL",0,"1 MIAL 8/2/14"
"1019","8/3/14",2014,8,3,214,1,"MIAL",0,"1 MIAL 8/3/14"
"1020","8/4/14",2014,8,4,215,1,"MIAL",0,"1 MIAL 8/4/14"
"1021","8/6/14",2014,8,6,217,1,"MIAL",0,"1 MIAL 8/6/14"
"1024","8/8/14",2014,8,8,219,1,"MIAL",0,"1 MIAL 8/8/14"
"1028","8/9/14",2014,8,9,220,1,"MIAL",0,"1 MIAL 8/9/14"
"1031","8/10/14",2014,8,10,221,1,"MIAL",0,"1 MIAL 8/10/14"
"1032","8/11/14",2014,8,11,222,1,"MIAL",0,"1 MIAL 8/11/14"
"1034","8/12/14",2014,8,12,223,1,"MIAL",0,"1 MIAL 8/12/14"
"1035","8/13/14",2014,8,13,224,1,"MIAL",0,"1 MIAL 8/13/14"
"1036","8/14/14",2014,8,14,225,1,"MIAL",0,"1 MIAL 8/14/14"
"1038","8/15/14",2014,8,15,226,1,"MIAL",0,"1 MIAL 8/15/14"
"1039","8/16/14",2014,8,16,227,1,"MIAL",0,"1 MIAL 8/16/14"
"1040","8/17/14",2014,8,17,228,1,"MIAL",0,"1 MIAL 8/17/14"
"1041","8/18/14",2014,8,18,229,1,"MIAL",0,"1 MIAL 8/18/14"
"1042","8/19/14",2014,8,19,230,1,"MIAL",0,"1 MIAL 8/19/14"
"1043","8/20/14",2014,8,20,231,1,"MIAL",0,"1 MIAL 8/20/14"
"1045","8/21/14",2014,8,21,232,1,"MIAL",0,"1 MIAL 8/21/14"
"1047","8/24/14",2014,8,24,235,1,"MIAL",0,"1 MIAL 8/24/14"
"1049","8/25/14",2014,8,25,236,1,"MIAL",0,"1 MIAL 8/25/14"
"1051","8/26/14",2014,8,26,237,1,"MIAL",0,"1 MIAL 8/26/14"
"1052","8/27/14",2014,8,27,238,1,"MIAL",0,"1 MIAL 8/27/14"
"1053","8/28/14",2014,8,28,239,1,"MIAL",0,"1 MIAL 8/28/14"
"1054","8/29/14",2014,8,29,240,1,"MIAL",0,"1 MIAL 8/29/14"
"1055","8/30/14",2014,8,30,241,1,"MIAL",0,"1 MIAL 8/30/14"
"1057","8/31/14",2014,8,31,242,1,"MIAL",0,"1 MIAL 8/31/14"
"1058","9/2/14",2014,9,2,244,1,"MIAL",0,"1 MIAL 9/2/14"
"1060","9/3/14",2014,9,3,245,1,"MIAL",0,"1 MIAL 9/3/14"
"1062","9/4/14",2014,9,4,246,1,"MIAL",0,"1 MIAL 9/4/14"
"1063","9/5/14",2014,9,5,247,1,"MIAL",0,"1 MIAL 9/5/14"
"1064","9/6/14",2014,9,6,248,1,"MIAL",0,"1 MIAL 9/6/14"
"1065","9/8/14",2014,9,8,250,1,"MIAL",0,"1 MIAL 9/8/14"
"1066","9/9/14",2014,9,9,251,1,"MIAL",0,"1 MIAL 9/9/14"
"1067","9/10/14",2014,9,10,252,1,"MIAL",0,"1 MIAL 9/10/14"
"1069","9/11/14",2014,9,11,253,1,"MIAL",0,"1 MIAL 9/11/14"
"1071","9/12/14",2014,9,12,254,1,"MIAL",0,"1 MIAL 9/12/14"
"1073","9/15/14",2014,9,15,257,1,"MIAL",0,"1 MIAL 9/15/14"
"1074","9/16/14",2014,9,16,258,1,"MIAL",0,"1 MIAL 9/16/14"
"1075","9/17/14",2014,9,17,259,1,"MIAL",0,"1 MIAL 9/17/14"
"1076","9/18/14",2014,9,18,260,1,"MIAL",0,"1 MIAL 9/18/14"
"1078","9/19/14",2014,9,19,261,1,"MIAL",0,"1 MIAL 9/19/14"
"1079","9/22/14",2014,9,22,264,1,"MIAL",0,"1 MIAL 9/22/14"
"1080","9/25/14",2014,9,25,267,1,"MIAL",0,"1 MIAL 9/25/14"
"1081","9/27/14",2014,9,27,269,1,"MIAL",0,"1 MIAL 9/27/14"
"1083","9/28/14",2014,9,28,270,1,"MIAL",0,"1 MIAL 9/28/14"
"1086","5/29/15",2015,5,29,179,1,"MIAL",0,"1 MIAL 5/29/15"
"1087","6/9/15",2015,6,9,189,1,"MIAL",0,"1 MIAL 6/9/15"
"1088","6/13/15",2015,6,13,193,1,"MIAL",0,"1 MIAL 6/13/15"
"1089","6/14/15",2015,6,14,194,1,"MIAL",0,"1 MIAL 6/14/15"
"1090","6/15/15",2015,6,15,195,1,"MIAL",0,"1 MIAL 6/15/15"
"1091","6/18/15",2015,6,18,198,1,"MIAL",0,"1 MIAL 6/18/15"
"1092","6/19/15",2015,6,19,199,1,"MIAL",0,"1 MIAL 6/19/15"
"1093","6/20/15",2015,6,20,200,1,"MIAL",0,"1 MIAL 6/20/15"
"1094","6/21/15",2015,6,21,201,1,"MIAL",0,"1 MIAL 6/21/15"
"1095","6/22/15",2015,6,22,202,1,"MIAL",0,"1 MIAL 6/22/15"
"1096","6/23/15",2015,6,23,203,1,"MIAL",0,"1 MIAL 6/23/15"
"1097","6/24/15",2015,6,24,204,1,"MIAL",0,"1 MIAL 6/24/15"
"1099","6/27/15",2015,6,27,207,1,"MIAL",0,"1 MIAL 6/27/15"
"1102","6/29/15",2015,6,29,209,1,"MIAL",0,"1 MIAL 6/29/15"
"1103","6/30/15",2015,6,30,210,1,"MIAL",0,"1 MIAL 6/30/15"
"1105","7/1/15",2015,7,1,211,1,"MIAL",0,"1 MIAL 7/1/15"
"1106","7/2/15",2015,7,2,212,1,"MIAL",0,"1 MIAL 7/2/15"
"1107","7/4/15",2015,7,4,214,1,"MIAL",0,"1 MIAL 7/4/15"
"1109","7/6/15",2015,7,6,216,1,"MIAL",0,"1 MIAL 7/6/15"
"1112","7/7/15",2015,7,7,217,1,"MIAL",0,"1 MIAL 7/7/15"
"1115","7/8/15",2015,7,8,218,1,"MIAL",0,"1 MIAL 7/8/15"
"1117","7/9/15",2015,7,9,219,1,"MIAL",0,"1 MIAL 7/9/15"
"1120","7/10/15",2015,7,10,220,1,"MIAL",0,"1 MIAL 7/10/15"
"1121","7/11/15",2015,7,11,221,1,"MIAL",0,"1 MIAL 7/11/15"
"1123","7/12/15",2015,7,12,222,1,"MIAL",0,"1 MIAL 7/12/15"
"1124","7/13/15",2015,7,13,223,1,"MIAL",0,"1 MIAL 7/13/15"
"1125","7/14/15",2015,7,14,224,1,"MIAL",0,"1 MIAL 7/14/15"
"1126","7/15/15",2015,7,15,225,1,"MIAL",0,"1 MIAL 7/15/15"
"1129","7/16/15",2015,7,16,226,1,"MIAL",0,"1 MIAL 7/16/15"
"1131","7/17/15",2015,7,17,227,1,"MIAL",0,"1 MIAL 7/17/15"
"1133","7/19/15",2015,7,19,229,1,"MIAL",0,"1 MIAL 7/19/15"
"1134","7/20/15",2015,7,20,230,1,"MIAL",0,"1 MIAL 7/20/15"
"1136","7/22/15",2015,7,22,232,1,"MIAL",0,"1 MIAL 7/22/15"
"1137","7/23/15",2015,7,23,233,1,"MIAL",0,"1 MIAL 7/23/15"
"1139","7/25/15",2015,7,25,235,1,"MIAL",0,"1 MIAL 7/25/15"
"1141","7/27/15",2015,7,27,237,1,"MIAL",0,"1 MIAL 7/27/15"
"1142","7/28/15",2015,7,28,238,1,"MIAL",0,"1 MIAL 7/28/15"
"1143","7/30/15",2015,7,30,240,1,"MIAL",0,"1 MIAL 7/30/15"
"1145","7/31/15",2015,7,31,241,1,"MIAL",0,"1 MIAL 7/31/15"
"1147","8/1/15",2015,8,1,241,1,"MIAL",0,"1 MIAL 8/1/15"
"1149","8/2/15",2015,8,2,242,1,"MIAL",0,"1 MIAL 8/2/15"
"1150","8/3/15",2015,8,3,243,1,"MIAL",0,"1 MIAL 8/3/15"
"1151","8/4/15",2015,8,4,244,1,"MIAL",0,"1 MIAL 8/4/15"
"1152","8/6/15",2015,8,6,246,1,"MIAL",0,"1 MIAL 8/6/15"
"1155","8/7/15",2015,8,7,247,1,"MIAL",0,"1 MIAL 8/7/15"
"1156","8/8/15",2015,8,8,248,1,"MIAL",0,"1 MIAL 8/8/15"
"1158","8/10/15",2015,8,10,250,1,"MIAL",0,"1 MIAL 8/10/15"
"1159","8/12/15",2015,8,12,252,1,"MIAL",0,"1 MIAL 8/12/15"
"1160","8/13/15",2015,8,13,253,1,"MIAL",0,"1 MIAL 8/13/15"
"1161","8/14/15",2015,8,14,254,1,"MIAL",0,"1 MIAL 8/14/15"
"1162","8/15/15",2015,8,15,255,1,"MIAL",0,"1 MIAL 8/15/15"
"1164","8/16/15",2015,8,16,256,1,"MIAL",0,"1 MIAL 8/16/15"
"1165","8/18/15",2015,8,18,258,1,"MIAL",0,"1 MIAL 8/18/15"
"1166","8/19/15",2015,8,19,259,1,"MIAL",0,"1 MIAL 8/19/15"
"1168","8/21/15",2015,8,21,261,1,"MIAL",0,"1 MIAL 8/21/15"
"1170","8/22/15",2015,8,22,262,1,"MIAL",0,"1 MIAL 8/22/15"
"1171","8/26/15",2015,8,26,266,1,"MIAL",0,"1 MIAL 8/26/15"
"1173","8/31/15",2015,8,31,271,1,"MIAL",0,"1 MIAL 8/31/15"
"1175","9/5/15",2015,9,5,275,1,"MIAL",0,"1 MIAL 9/5/15"
"1176","9/9/15",2015,9,9,279,1,"MIAL",0,"1 MIAL 9/9/15"
"1177","9/14/15",2015,9,14,284,1,"MIAL",0,"1 MIAL 9/14/15"
"1178","9/19/15",2015,9,19,289,1,"MIAL",0,"1 MIAL 9/19/15"
"1179","9/24/15",2015,9,4,274,1,"MIAL",0,"1 MIAL 9/24/15"
"1180","9/27/15",2015,9,27,297,1,"MIAL",0,"1 MIAL 9/27/15"
